rank,product_link,product_image,product_name,protocol,sales_eth,sales_summary_link,sales_usd,change_color,change,buyers,sales_link,Txns
1,/axie-infinity,https://d1nht67oz99wd1.cloudfront.net/resized/axie-infinity-logo_resized.png,Axie Infinity,Ronin,"156,155.4099 ETH",/axie-infinity/sales/summary,"$529,589,308",#ca2d2d,36.20%,"319,710",/axie-infinity/sales,"1,825,752"
2,/art-blocks,https://d1nht67oz99wd1.cloudfront.net/resized/art-blocks-logo2_resized.png,Art Blocks,Ethereum,"78,483.9051 ETH",/art-blocks/sales/summary,"$261,788,768",#ca2d2d,53.35%,"6,728",/art-blocks/sales,"17,385"
3,/loot,https://cryptoslam-token-images.s3.amazonaws.com/icons/loot.png,Loot,Ethereum,"64,912.7045 ETH",/loot/sales/summary,"$243,982,881",#1d8843,"4,269.26%","2,499",/loot/sales,"6,142"
4,/cryptopunks,https://d1nht67oz99wd1.cloudfront.net/resized/cryptopunks-logo_resized.png,CryptoPunks,Ethereum,"60,090.8275 ETH",/cryptopunks/sales/summary,"$204,986,756",#ca2d2d,70.14%,318,/cryptopunks/sales,489
5,/bored-ape-yacht-club,https://d1nht67oz99wd1.cloudfront.net/resized/BoredApeYachtClub_resized.ico,Bored Ape Yacht Club,Ethereum,"37,572.0443 ETH",/bored-ape-yacht-club/sales/summary,"$133,038,043",#ca2d2d,52.83%,621,/bored-ape-yacht-club/sales,809
6,/mutant-ape-yacht-club,https://d1nht67oz99wd1.cloudfront.net/resized/mutant-ape-yacht-club_resized.png,Mutant Ape Yacht Club,Ethereum,"30,638.7324 ETH",/mutant-ape-yacht-club/sales/summary,"$107,677,421",#ca2d2d,34.93%,"3,383",/mutant-ape-yacht-club/sales,"4,930"
7,/punks-comic,https://d1nht67oz99wd1.cloudfront.net/resized/PUNKS-Comic_resized.jpg,PUNKS Comic,Ethereum,"17,229.8990 ETH",/punks-comic/sales/summary,"$60,699,968",#1d8843,26.09%,"1,160",/punks-comic/sales,"2,254"
8,/cool-cats,https://d1nht67oz99wd1.cloudfront.net/resized/cool-cats_resized.ico,Cool Cats,Ethereum,"17,531.4780 ETH",/cool-cats/sales/summary,"$57,828,465",#1d8843,8.00%,"1,463",/cool-cats/sales,"2,406"
9,/cryptoadz,https://cryptoslam-token-images.s3.amazonaws.com/icons/cryptoads.jpg,CrypToadz,Ethereum,"15,928.0898 ETH",/cryptoadz/sales/summary,"$52,402,012",#1d8843,0.00%,"4,889",/cryptoadz/sales,"11,440"
10,/sneaky-vampire-syndicate,https://cryptoslam-token-images.s3.amazonaws.com/icons/svs.png,Sneaky Vampire Syndicate,Ethereum,"14,899.7382 ETH",/sneaky-vampire-syndicate/sales/summary,"$49,283,837",#1d8843,0.00%,"4,311",/sneaky-vampire-syndicate/sales,"9,865"
11,/emblem-vault,https://cryptoslam-token-images.s3.amazonaws.com/icons/emblem-vault.png,Emblem Vault,Ethereum,"11,923.1538 ETH",/emblem-vault/sales/summary,"$40,300,420",#1d8843,95.67%,"2,117",/emblem-vault/sales,"6,687"
12,,https://cryptoslam-token-images.s3.amazonaws.com/icons/galaxyeggs.jpeg,Galaxy Eggs,Ethereum,"12,121.5866 ETH",/galaxy-eggs/sales/summary,"$40,126,334",#1d8843,0.00%,"6,047",/galaxy-eggs/sales,"12,986"
13,/the-sevens,https://cryptoslam-token-images.s3.amazonaws.com/icons/thesevens.png,The Sevens,Ethereum,"11,285.3293 ETH",/the-sevens/sales/summary,"$39,510,571",#1d8843,0.00%,"4,581",/the-sevens/sales,"8,347"
14,/creature-world-nft,https://d1nht67oz99wd1.cloudfront.net/resized/creature-world_resized.png,Creature World NFT,Ethereum,"10,531.4694 ETH",/creature-world-nft/sales/summary,"$34,703,150",#1d8843,18.27%,"4,048",/creature-world-nft/sales,"6,907"
15,,https://lh3.googleusercontent.com/h0MhwYG3nIpAP8Pse5MAN8SkpuuB_eshuQpc0g7ShW3G0XgZmIGYfb3nN-qV079TfjDyVl4BpY-ch5xMclDWEMIn6oMZV3CFZfMCVWs=s130,888 Inner Circle,Ethereum,"10,442.3086 ETH",/888-inner-circle/sales/summary,"$34,626,465",#1d8843,0.00%,"4,087",/888-inner-circle/sales,"7,000"
16,/cyberkongz,https://d1nht67oz99wd1.cloudfront.net/CyberKongz.png,CyberKongz,Ethereum,"9,848.6993 ETH",/cyberkongz/sales/summary,"$33,285,980",#1d8843,66.05%,811,/cyberkongz/sales,"1,167"
17,/bloot,https://cryptoslam-token-images.s3.amazonaws.com/icons/bloot.png,Bloot,Ethereum,"8,666.5174 ETH",/bloot/sales/summary,"$33,279,023",#1d8843,0.00%,"5,671",/bloot/sales,"12,961"
18,/veefriends,https://d1nht67oz99wd1.cloudfront.net/resized/veefriends_resized.png,Veefriends,Ethereum,"9,434.3005 ETH",/veefriends/sales/summary,"$32,991,446",#1d8843,24.02%,385,/veefriends/sales,526
19,/meebits,https://d1nht67oz99wd1.cloudfront.net/resized/meebits_resized.png,Meebits,Ethereum,"8,811.3436 ETH",/meebits/sales/summary,"$31,051,212",#ca2d2d,69.59%,673,/meebits/sales,"1,181"
20,/adam-bomb-squad,https://cryptoslam-token-images.s3.amazonaws.com/icons/adam-bomb-squad.jpg,Adam Bomb Squad,Ethereum,"7,871.2874 ETH",/adam-bomb-squad/sales/summary,"$28,675,999",#1d8843,284.04%,"4,621",/adam-bomb-squad/sales,"12,182"
21,/lazy-lions,https://d1nht67oz99wd1.cloudfront.net/resized/lazy-lions_resized.webp,Lazy Lions,Ethereum,"8,760.2226 ETH",/lazy-lions/sales/summary,"$28,411,077",#1d8843,136.14%,"2,963",/lazy-lions/sales,"5,792"
22,/the-cryptodads,https://cryptoslam-token-images.s3.amazonaws.com/icons/crydads.png,The CryptoDads,Ethereum,"8,276.6170 ETH",/the-cryptodads/sales/summary,"$27,595,890",#1d8843,0.00%,"5,787",/the-cryptodads/sales,"11,344"
23,,https://d1nht67oz99wd1.cloudfront.net/resized/CurioCards_resized.png,Curio Cards,Ethereum,"7,309.6691 ETH",/curio-cards/sales/summary,"$25,158,469",#ca2d2d,61.12%,"1,529",/curio-cards/sales,"3,451"
24,/pudgy-penguins,https://d1nht67oz99wd1.cloudfront.net/resized/pudgy-penguins_resized.jpg,Pudgy Penguins,Ethereum,"6,591.1839 ETH",/pudgy-penguins/sales/summary,"$22,622,965",#ca2d2d,76.90%,"1,304",/pudgy-penguins/sales,"2,305"
25,/zed-run,https://d1nht67oz99wd1.cloudfront.net/resized/zedrun-logo_resized.png,Zed Run,Polygon,"16,612,721.76 MATIC",/zed-run/sales/summary,"$22,231,807",#ca2d2d,29.25%,"10,990",/zed-run/sales,"33,018"
26,/0n1-force,https://d1nht67oz99wd1.cloudfront.net/0N1-force.png,0N1 Force,Ethereum,"6,361.9376 ETH",/0n1-force/sales/summary,"$22,229,759",#ca2d2d,80.85%,"1,490",/0n1-force/sales,"2,296"
27,/sup-ducks,https://d1nht67oz99wd1.cloudfront.net/resized/supducks_resized.png,Sup Ducks,Ethereum,"6,456.0461 ETH",/sup-ducks/sales/summary,"$21,002,842",#1d8843,50.19%,"1,366",/sup-ducks/sales,"2,821"
28,/anonymice,https://cryptoslam-token-images.s3.amazonaws.com/icons/anonymice.jpeg,Anonymice,Ethereum,"6,326.2479 ETH",/anonymice/sales/summary,"$20,598,704",#1d8843,0.00%,"1,445",/anonymice/sales,"3,919"
29,/nba-top-shot,https://d1nht67oz99wd1.cloudfront.net/nba-top-shot-v2-logo.png,NBA Top Shot,Flow,"20,179,555.00 USD",/nba-top-shot/sales/summary,"$20,179,555",#ca2d2d,44.84%,"50,575",/nba-top-shot/sales,"674,745"
30,/sorare,https://d1nht67oz99wd1.cloudfront.net/resized/sorare-logo-v2_resized.png,Sorare,Ethereum,"6,022.1961 ETH",/sorare/sales/summary,"$19,706,644",#1d8843,37.84%,"13,681",/sorare/sales,"113,227"
31,/the-doge-pound,https://d1nht67oz99wd1.cloudfront.net/resized/the-doge-pound_resized.png,The Doge Pound,Ethereum,"5,612.1898 ETH",/the-doge-pound/sales/summary,"$19,682,124",#1d8843,4.06%,"2,178",/the-doge-pound/sales,"3,256"
32,/world-of-women,https://d1nht67oz99wd1.cloudfront.net/resized/world-of-women_resized.png,World Of Women,Ethereum,"5,775.7304 ETH",/world-of-women/sales/summary,"$19,249,572",#ca2d2d,56.03%,"1,134",/world-of-women/sales,"1,906"
33,,https://lh3.googleusercontent.com/cyJeHA0Oo-KveczexdimAxDHTCtmvApkn2SWFhq_QmU4CotxW1uCRp-rBydovapL65kG5geRCrGZts74o3eZS9VONQ6549A4DIMCjg=s130,MetaHero Universe,Ethereum,"5,443.0711 ETH",/metahero-universe/sales/summary,"$18,843,719",#1d8843,0.00%,538,/metahero-universe/sales,718
34,/blitmap,https://d1nht67oz99wd1.cloudfront.net/resized/blitmap_resized.png,Blitmap,Ethereum,"5,028.8539 ETH",/blitmap/sales/summary,"$18,576,298",#1d8843,88.33%,111,/blitmap/sales,224
35,/cupcats-official,https://cryptoslam-token-images.s3.amazonaws.com/icons/cupcat.png,Cupcats Official,Ethereum,"5,983.3895 ETH",/cupcats-official/sales/summary,"$18,458,162",#1d8843,0.00%,"2,840",/cupcats-official/sales,"6,971"
36,/bored-ape-kennel-club,https://d1nht67oz99wd1.cloudfront.net/resized/bored-ape-kennel-club_resized.png,Bored Ape Kennel Club,Ethereum,"5,304.4727 ETH",/bored-ape-kennel-club/sales/summary,"$18,203,626",#ca2d2d,60.23%,851,/bored-ape-kennel-club/sales,"1,311"
37,/rumble-kong-league,https://d1nht67oz99wd1.cloudfront.net/rumble-kong-league.webp,Rumble Kong League,Ethereum,"4,611.6788 ETH",/rumble-kong-league/sales/summary,"$16,505,876",#1d8843,67.45%,"1,351",/rumble-kong-league/sales,"2,681"
38,/monkey-bet-dao,https://cryptoslam-token-images.s3.amazonaws.com/icons/monkey-bet.png,Monkey Bet DAO,Ethereum,"4,010.0504 ETH",/monkey-bet-dao/sales/summary,"$14,504,103",#1d8843,0.00%,"4,819",/monkey-bet-dao/sales,"10,649"
39,/parallel-alpha,https://d1nht67oz99wd1.cloudfront.net/parallel-alpha.ico,Parallel Alpha,Ethereum,"4,003.9123 ETH",/parallel-alpha/sales/summary,"$14,054,497",#ca2d2d,86.25%,"1,279",/parallel-alpha/sales,"4,155"
40,/robotos-official,https://d1nht67oz99wd1.cloudfront.net/robotos.png,Robotos Official,Ethereum,"4,345.7535 ETH",/robotos-official/sales/summary,"$13,807,595",#1d8843,100.03%,"3,862",/robotos-official/sales,"6,987"
41,/sipherian-surge,https://lh3.googleusercontent.com/7UuKVrJzigTu5oUT2klZbSAuHPB0YUwxvEdN0sMHqiSo_guQPsDxeRy2mts_1j2WhaB-VwxgPRxYxr44EjeFEAoXrzHbCDmoKG3B=s130,Sipherian Surge,Ethereum,"3,754.2156 ETH",/sipherian-surge/sales/summary,"$12,482,619",#1d8843,0.00%,"3,766",/sipherian-surge/sales,"8,902"
42,/mooncats,https://cryptoslam-token-images.s3.amazonaws.com/MoonCats.ico,Mooncats,Ethereum,"3,702.5995 ETH",/mooncats/sales/summary,"$12,359,507",#ca2d2d,48.40%,"1,224",/mooncats/sales,"2,575"
43,/dapper-dinos-nft,https://cryptoslam-token-images.s3.amazonaws.com/icons/dapperdino.jpeg,Dapper Dinos NFT,Ethereum,"3,390.9437 ETH",/dapper-dinos-nft/sales/summary,"$11,267,540",#1d8843,0.00%,"4,028",/dapper-dinos-nft/sales,"8,259"
44,,https://cryptoslam-token-images.s3.amazonaws.com/icons/space-punks-club.png,Space Punks Club,Ethereum,"2,990.2966 ETH",/space-punks-club/sales/summary,"$10,687,403",#1d8843,50.94%,"2,518",/space-punks-club/sales,"4,565"
45,,https://cryptoslam-token-images.s3.amazonaws.com/icons/rogue.png,Rogue Society Bot,Ethereum,"2,740.8485 ETH",/rogue-society-bot/sales/summary,"$10,363,872",#1d8843,0.00%,"6,370",/rogue-society-bot/sales,"13,393"
46,/cyberkongz-vx,https://d1nht67oz99wd1.cloudfront.net/resized/CyberKongs-VX_resized.webp,CyberKongz VX,Ethereum,"2,942.5305 ETH",/cyberkongz-vx/sales/summary,"$9,799,684",#ca2d2d,70.06%,"1,178",/cyberkongz-vx/sales,"2,295"
47,,https://d1nht67oz99wd1.cloudfront.net/resized/cryptokitties-logo_resized.png,CryptoKitties,Ethereum,"2,414.9238 ETH",/cryptokitties/sales/summary,"$9,187,176",#1d8843,347.60%,"2,391",/cryptokitties/sales,"4,859"
48,/autoglyphs,https://d1nht67oz99wd1.cloudfront.net/autoglyphs.png,Autoglyphs,Ethereum,"2,472.3750 ETH",/autoglyphs/sales/summary,"$9,009,364",#ca2d2d,4.63%,5,/autoglyphs/sales,6
49,/nah-fungible-bones,https://cryptoslam-token-images.s3.amazonaws.com/icons/svs.png,NAH Fungible Bones,Ethereum,"2,845.2995 ETH",/nah-fungible-bones/sales/summary,"$8,071,705",#1d8843,0.00%,"5,231",/nah-fungible-bones/sales,"11,808"
50,/koala-intelligence-agency,https://d1nht67oz99wd1.cloudfront.net/koala-intelligence-agency.png,Koala Intelligence Agency,Ethereum,"2,374.2810 ETH",/koala-intelligence-agency/sales/summary,"$8,059,375",#ca2d2d,73.48%,"2,286",/koala-intelligence-agency/sales,"3,948"
51,/gutter-cat-gang,https://d1nht67oz99wd1.cloudfront.net/guttercats-logo.jpeg,Gutter Cat Gang,Ethereum,"2,239.7577 ETH",/gutter-cat-gang/sales/summary,"$7,797,439",#ca2d2d,59.11%,290,/gutter-cat-gang/sales,375
52,,https://d1nht67oz99wd1.cloudfront.net/resized/mch-logo_resized.png,The Sandbox,Ethereum,"2,190.3885 ETH",/the-sandbox/sales/summary,"$7,231,025",#1d8843,13.30%,"1,876",/the-sandbox/sales,"3,515"
53,/hashmasks,https://d1nht67oz99wd1.cloudfront.net/resized/hashmasks-logo-2_resized.png,Hashmasks,Ethereum,"1,924.5193 ETH",/hashmasks/sales/summary,"$6,556,145",#ca2d2d,42.08%,521,/hashmasks/sales,"1,286"
54,/fluf-world,https://d1nht67oz99wd1.cloudfront.net/resized/fluf-world_resized.webp,Fluf World,Ethereum,"1,890.9443 ETH",/fluf-world/sales/summary,"$6,543,631",#ca2d2d,79.92%,756,/fluf-world/sales,"1,882"
55,,https://d1nht67oz99wd1.cloudfront.net/resized/al-cabones_resized.png,Al Cabones,Ethereum,"1,420.4711 ETH",/al-cabones/sales/summary,"$5,215,046",#ca2d2d,59.84%,"1,864",/al-cabones/sales,"3,456"
56,/gutter-rats,https://d1nht67oz99wd1.cloudfront.net/resized/gutter-rats_resized.png,Gutter Rats,Ethereum,"1,200.5544 ETH",/gutter-rats/sales/summary,"$4,418,788",#ca2d2d,33.35%,460,/gutter-rats/sales,593
57,/galaxy-fight-club,https://d1nht67oz99wd1.cloudfront.net/resized/galaxy-fight-club_resized.webp,Galaxy Fight Club,Ethereum,"1,369.0201 ETH",/galaxy-fight-club/sales/summary,"$4,409,182",#ca2d2d,5.33%,"1,089",/galaxy-fight-club/sales,"3,968"
58,/farmers-world,https://d1nht67oz99wd1.cloudfront.net/resized/farmers-world_resized.png,Farmers World,WAX,"15,435,326 WAX",/farmers-world/sales/summary,"$4,293,061",#1d8843,367.17%,"3,212",/farmers-world/sales,"44,553"
59,/goons-of-balatroon,https://d1nht67oz99wd1.cloudfront.net/goons-of-balatroon.ico,Goons of Balatroon,Ethereum,"1,213.9554 ETH",/goons-of-balatroon/sales/summary,"$4,286,824",#ca2d2d,3.66%,"1,138",/goons-of-balatroon/sales,"2,505"
60,/chibi-apes,https://cryptoslam-token-images.s3.amazonaws.com/icons/chibiApes.png,Chibi Apes,Ethereum,"1,239.1483 ETH",/chibi-apes/sales/summary,"$4,092,564",#1d8843,0.00%,"2,236",/chibi-apes/sales,"4,127"
61,/crypto-cannabis-club,https://d1nht67oz99wd1.cloudfront.net/resized/crypto-cannabis-club_resized.jpg,Crypto Cannabis Club,Ethereum,"1,046.7574 ETH",/crypto-cannabis-club/sales/summary,"$3,761,952",#ca2d2d,34.71%,"1,225",/crypto-cannabis-club/sales,"2,297"
62,/purrnelopes-country-club,https://d1nht67oz99wd1.cloudfront.net/resized/purrnelopes-country-club_resized.jpg,Purrnelopes Country Club,Ethereum,"1,017.7148 ETH",/purrnelopes-country-club/sales/summary,"$3,530,627",#1d8843,9.70%,662,/purrnelopes-country-club/sales,"2,143"
63,/gauntlets,https://d1nht67oz99wd1.cloudfront.net/resized/gauntlets_resized.webp,Gauntlets,Ethereum,962.3254 ETH,/gauntlets/sales/summary,"$3,457,960",#ca2d2d,38.80%,959,/gauntlets/sales,"1,979"
64,/mutant-garden-seeder,https://d1nht67oz99wd1.cloudfront.net/resized/mutant-garden-seeder_resized.png,Mutant Garden Seeder,Ethereum,880.5139 ETH,/mutant-garden-seeder/sales/summary,"$3,187,677",#ca2d2d,27.35%,32,/mutant-garden-seeder/sales,53
65,/voxies,https://d1nht67oz99wd1.cloudfront.net/resized/voxies_resized.png,Voxies,Ethereum,902.9989 ETH,/voxies/sales/summary,"$3,106,031",#ca2d2d,55.41%,258,/voxies/sales,690
66,/the-wicked-craniums,https://d1nht67oz99wd1.cloudfront.net/resized/wicked-cranium_resized.png,The Wicked Craniums,Ethereum,888.1460 ETH,/the-wicked-craniums/sales/summary,"$3,030,827",#ca2d2d,56.21%,897,/the-wicked-craniums/sales,"1,404"
67,/treeverse,https://d1nht67oz99wd1.cloudfront.net/treeverse.png,Treeverse,Ethereum,804.0416 ETH,/treeverse/sales/summary,"$2,766,962",#ca2d2d,74.40%,618,/treeverse/sales,"1,090"
68,/animetas,https://d1nht67oz99wd1.cloudfront.net/resized/animetas_resized.png,Animetas,Ethereum,780.0203 ETH,/animetas/sales/summary,"$2,711,725",#ca2d2d,87.50%,684,/animetas/sales,"1,149"
69,/lonely-alien-space-club,https://d1nht67oz99wd1.cloudfront.net/resized/lonely-alien-space-club_resized.png,Lonely Alien Space Club,Ethereum,790.9493 ETH,/lonely-alien-space-club/sales/summary,"$2,674,185",#ca2d2d,78.64%,"1,091",/lonely-alien-space-club/sales,"2,027"
70,,https://cryptoslam-token-images.s3.amazonaws.com/icons/chicken-derby.png,Chicken Derby,Polygon,"1,933,861.84 MATIC",/chicken-derby/sales/summary,"$2,635,676",#ca2d2d,54.03%,"1,100",/chicken-derby/sales,"3,561"
71,/visitors-of-imma-degen,https://d1nht67oz99wd1.cloudfront.net/resized/the-visitors-of-imma-degen_resized.png,Visitors Of Imma Degen,Ethereum,727.7192 ETH,/visitors-of-imma-degen/sales/summary,"$2,508,415",#1d8843,107.28%,833,/visitors-of-imma-degen/sales,"2,367"
72,/incognito,https://d1nht67oz99wd1.cloudfront.net/resized/incognito_resized.webp,Incognito,Ethereum,679.2241 ETH,/incognito/sales/summary,"$2,432,809",#ca2d2d,82.40%,737,/incognito/sales,"1,788"
73,/bastard-gan-punks-v2,https://d1nht67oz99wd1.cloudfront.net/resized/bastard-gan-punks-v2_resized.ico,Bastard Gan Punks V2,Ethereum,690.7553 ETH,/bastard-gan-punks-v2/sales/summary,"$2,399,102",#ca2d2d,80.27%,338,/bastard-gan-punks-v2/sales,873
74,/avid-lines,https://d1nht67oz99wd1.cloudfront.net/resized/avid-lines_resized.png,Avid Lines,Ethereum,654.1931 ETH,/avid-lines/sales/summary,"$2,361,207",#ca2d2d,74.99%,26,/avid-lines/sales,43
75,/bored-mummy-waking-up,https://d1nht67oz99wd1.cloudfront.net/bored-mummy-waking-up.png,Bored Mummy Waking Up,Ethereum,724.4639 ETH,/bored-mummy-waking-up/sales/summary,"$2,360,571",#ca2d2d,63.75%,"1,490",/bored-mummy-waking-up/sales,"2,823"
76,/stoner-cats,https://d1nht67oz99wd1.cloudfront.net/resized/stoner-cats_resized.png,Stoner Cats,Ethereum,665.3657 ETH,/stoner-cats/sales/summary,"$2,286,287",#ca2d2d,73.08%,632,/stoner-cats/sales,"1,060"
77,/bulls-on-the-block,https://d1nht67oz99wd1.cloudfront.net/resized/Bulls-on-the-block_resized.png,Bulls On The Block,Ethereum,664.7455 ETH,/bulls-on-the-block/sales/summary,"$2,155,617",#ca2d2d,32.78%,"1,144",/bulls-on-the-block/sales,"2,731"
78,/ether-cards-founder-series,https://d1nht67oz99wd1.cloudfront.net/resized/ether-cards_resized.png,Ether Cards Founder Series,Ethereum,596.8910 ETH,/ether-cards-founder-series/sales/summary,"$2,019,274",#1d8843,138.36%,245,/ether-cards-founder-series/sales,466
79,/forgotten-runes,https://d1nht67oz99wd1.cloudfront.net/resized/forgotten-runes-wizards-cult_resized.ico,Forgotten Runes,Ethereum,548.1878 ETH,/forgotten-runes/sales/summary,"$1,872,439",#ca2d2d,67.59%,401,/forgotten-runes/sales,847
80,/top-dog-beach-club,https://d1nht67oz99wd1.cloudfront.net/resized/top-dog-beach-club_resized.png,Top Dog Beach Club,Ethereum,523.3432 ETH,/top-dog-beach-club/sales/summary,"$1,801,456",#1d8843,7.65%,828,/top-dog-beach-club/sales,"1,412"
81,,https://cryptoslam-token-images.s3.amazonaws.com/icons/cryptoarte.png,CryptoArte,Ethereum,497.7371 ETH,/cryptoarte/sales/summary,"$1,753,208",#ca2d2d,88.73%,484,/cryptoarte/sales,687
82,/great-ape-society,https://d1nht67oz99wd1.cloudfront.net/great-ape-society.jpg,Great Ape Society,Ethereum,486.3078 ETH,/great-ape-society/sales/summary,"$1,731,174",#ca2d2d,18.14%,"1,540",/great-ape-society/sales,"2,483"
83,/the-vogu-collective,https://d1nht67oz99wd1.cloudfront.net/resized/the-vogu-collective_resized.png,The Vogu Collective,Ethereum,492.8808 ETH,/the-vogu-collective/sales/summary,"$1,724,191",#ca2d2d,85.05%,449,/the-vogu-collective/sales,680
84,/the-alien-boy,https://d1nht67oz99wd1.cloudfront.net/resized/the-alien-boy_resized.png,The Alien Boy,Ethereum,500.9902 ETH,/the-alien-boy/sales/summary,"$1,697,054",#1d8843,381.20%,"1,383",/the-alien-boy/sales,"2,657"
85,/alien-worlds,https://d1nht67oz99wd1.cloudfront.net/resized/alien-worlds-logo_resized.png,Alien Worlds,WAX,"5,299,693 WAX",/alien-worlds/sales/summary,"$1,511,243",#ca2d2d,48.84%,"21,753",/alien-worlds/sales,"172,201"
86,/dead-heads,https://d1nht67oz99wd1.cloudfront.net/resized/dead-heads_resized.png,Dead Heads,Ethereum,464.8296 ETH,/dead-heads/sales/summary,"$1,476,056",#ca2d2d,15.01%,812,/dead-heads/sales,"1,503"
87,/byo-pills,https://d1nht67oz99wd1.cloudfront.net/resized/byopills_resized.ico,Byo Pills,Ethereum,393.7879 ETH,/byo-pills/sales/summary,"$1,293,382",#1d8843,15.31%,"1,001",/byo-pills/sales,"1,709"
88,/royal-society-of-players,https://d1nht67oz99wd1.cloudfront.net/resized/royal-society-of-players_resized.png,Royal Society Of Players,Ethereum,330.7950 ETH,/royal-society-of-players/sales/summary,"$1,176,503",#ca2d2d,75.49%,280,/royal-society-of-players/sales,777
89,/nftboxes,https://d1nht67oz99wd1.cloudfront.net/resized/nftboxes_resized.png,Nftboxes,Ethereum,361.7952 ETH,/nftboxes/sales/summary,"$1,137,365",#ca2d2d,9.01%,413,/nftboxes/sales,707
90,/fame-lady-squad,https://d1nht67oz99wd1.cloudfront.net/fame-lady-squad.png,Fame Lady Squad,Ethereum,315.0877 ETH,/fame-lady-squad/sales/summary,"$1,105,365",#ca2d2d,52.47%,765,/fame-lady-squad/sales,"1,332"
91,/tom-sachs-rocket-factory,https://d1nht67oz99wd1.cloudfront.net/resized/tom-sach-rocket-factory_resized.webp,Tom Sachs Rocket Factory,Ethereum,297.4713 ETH,/tom-sachs-rocket-factory/sales/summary,"$1,032,096",#ca2d2d,96.18%,30,/tom-sachs-rocket-factory/sales,60
92,/avastars,https://d1nht67oz99wd1.cloudfront.net/resized/avastars_resized.png,Avastars,Ethereum,296.1464 ETH,/avastars/sales/summary,"$923,382",#ca2d2d,74.03%,638,/avastars/sales,"1,005"
93,/star-sailor-siblings,https://cryptoslam-token-images.s3.amazonaws.com/icons/star-sailor-siblings.png,Star Sailor Siblings,Ethereum,242.4382 ETH,/star-sailor-siblings/sales/summary,"$832,226",#ca2d2d,88.48%,551,/star-sailor-siblings/sales,"1,268"
94,/generativemasks,https://d1nht67oz99wd1.cloudfront.net/resized/generative-masks_resized.webp,Generativemasks,Ethereum,244.1784 ETH,/generativemasks/sales/summary,"$820,829",#ca2d2d,89.12%,521,/generativemasks/sales,"1,211"
95,/splinterlands,https://d1nht67oz99wd1.cloudfront.net/resized/splinterlands_resized.png,Splinterlands,WAX,"2,717,912 WAX",/splinterlands/sales/summary,"$803,576",#ca2d2d,16.76%,"1,309",/splinterlands/sales,"12,020"
96,/goatz,https://d1nht67oz99wd1.cloudfront.net/resized/goatz_resized.png,Goatz,Ethereum,231.0777 ETH,/goatz/sales/summary,"$792,438",#ca2d2d,5.14%,647,/goatz/sales,"1,533"
97,/crazy-lizard-army,https://d1nht67oz99wd1.cloudfront.net/resized/crazy-lizard-army_resized.ico,Crazy Lizard Army,Ethereum,214.7132 ETH,/crazy-lizard-army/sales/summary,"$776,715",#ca2d2d,87.19%,503,/crazy-lizard-army/sales,"1,152"
98,,https://d1nht67oz99wd1.cloudfront.net/heavencomputer.ico,HeavenComputer,Ethereum,221.8776 ETH,/heavencomputer/sales/summary,"$770,164",#ca2d2d,89.07%,379,/heavencomputer/sales,759
99,/my-fking-pickle,https://d1nht67oz99wd1.cloudfront.net/resized/my-fucking-pickle_resized.ico,My Fking Pickle,Ethereum,195.6928 ETH,/my-fking-pickle/sales/summary,"$719,338",#1d8843,184.76%,621,/my-fking-pickle/sales,"1,657"
100,/weird-whales,https://d1nht67oz99wd1.cloudfront.net/resized/weird-whales_resized.png,Weird Whales,Ethereum,189.4311 ETH,/weird-whales/sales/summary,"$671,844",#ca2d2d,69.13%,302,/weird-whales/sales,448
101,/crypto-raiders-characters,https://d1nht67oz99wd1.cloudfront.net/crypto-raiders-characters.ico,Crypto Raiders Characters,Polygon,"465,059.92 MATIC",/crypto-raiders-characters/sales/summary,"$636,751",#ca2d2d,36.21%,418,/crypto-raiders-characters/sales,"1,037"
102,/wrapped-strikers,https://d1nht67oz99wd1.cloudfront.net/wrapped-strikers.jpg,Wrapped Strikers,Ethereum,151.8507 ETH,/wrapped-strikers/sales/summary,"$533,188",#ca2d2d,91.57%,122,/wrapped-strikers/sales,222
103,/boring-bananas-co,https://d1nht67oz99wd1.cloudfront.net/resized/boring-bananas_resized.jpg,Boring Bananas Co,Ethereum,149.9115 ETH,/boring-bananas-co/sales/summary,"$512,511",#1d8843,102.65%,619,/boring-bananas-co/sales,"1,791"
104,/junkyarddogs,https://cryptoslam-token-images.s3.amazonaws.com/icons/junkyard-dogs.ico,JunkYardDogs,Ethereum,144.7635 ETH,/junkyarddogs/sales/summary,"$498,640",#ca2d2d,91.63%,655,/junkyarddogs/sales,"1,018"
105,/space-poggers,https://cryptoslam-token-images.s3.amazonaws.com/icons/space-poggers.ico,Space Poggers,Ethereum,149.9678 ETH,/space-poggers/sales/summary,"$491,905",#ca2d2d,93.13%,519,/space-poggers/sales,"1,200"
106,/animonkeys,https://d1nht67oz99wd1.cloudfront.net/resized/animonkeys_resized.png,Animonkeys,Ethereum,138.3518 ETH,/animonkeys/sales/summary,"$480,039",#ca2d2d,81.63%,140,/animonkeys/sales,285
107,/the-lost-glitches,https://lh3.googleusercontent.com/StxGb1ZUJYW6bQOWqe14HJ6FAoAJJ9s5dd23Cjf8IkD1YFMzfAC0VQaEUnjSnybNAghR_1I7XhF7UEwBRh03xmVjFXXz9LObS-BQRw=s130,The Lost Glitches,Ethereum,127.2754 ETH,/the-lost-glitches/sales/summary,"$450,968",#ca2d2d,89.74%,552,/the-lost-glitches/sales,"1,217"
108,/long-neckie-ladies,https://d1nht67oz99wd1.cloudfront.net/long-neckie-ladies.png,Long Neckie Ladies,Ethereum,124.5397 ETH,/long-neckie-ladies/sales/summary,"$442,337",#ca2d2d,80.31%,207,/long-neckie-ladies/sales,358
109,/voxodeus,https://d1nht67oz99wd1.cloudfront.net/resized/voxodeus_resized.png,Voxodeus,Ethereum,116.4197 ETH,/voxodeus/sales/summary,"$405,146",#ca2d2d,60.47%,210,/voxodeus/sales,441
110,/crypto-beasts,https://d1nht67oz99wd1.cloudfront.net/resized/crypto-beasts_resized.ico,Crypto Beasts,Ethereum,119.0784 ETH,/crypto-beasts/sales/summary,"$400,966",#ca2d2d,80.01%,219,/crypto-beasts/sales,532
111,/sad-frogs-district,https://d1nht67oz99wd1.cloudfront.net/sad-frogs-district.jpg,Sad Frogs District,Ethereum,112.1755 ETH,/sad-frogs-district/sales/summary,"$391,002",#ca2d2d,94.32%,295,/sad-frogs-district/sales,655
112,/bunks,https://d1nht67oz99wd1.cloudfront.net/resized/cryptopunks-logo_resized.png,Bunks,BSC,708.69 BNB,/bunks/sales/summary,"$331,205",#1d8843,170.26%,107,/bunks/sales,296
113,/topps-mlb,https://d1nht67oz99wd1.cloudfront.net/topps-mlb.png,Topps MLB,WAX,"1,103,488 WAX",/topps-mlb/sales/summary,"$313,811",#ca2d2d,42.38%,931,/topps-mlb/sales,"12,981"
114,/r-planet,https://d1nht67oz99wd1.cloudfront.net/resized/r-planet_resized.png,R Planet,WAX,"1,086,070 WAX",/r-planet/sales/summary,"$309,065",#ca2d2d,37.65%,"1,065",/r-planet/sales,"5,552"
115,/pixls,https://d1nht67oz99wd1.cloudfront.net/resized/pixls_resized.png,Pixls,Ethereum,90.6980 ETH,/pixls/sales/summary,"$306,903",#1d8843,346.44%,150,/pixls/sales,626
116,/kogs,https://d1nht67oz99wd1.cloudfront.net/resized/kogs-logo_resized.png,KOGS,WAX,"930,265 WAX",/kogs/sales/summary,"$284,650",#1d8843,101.33%,924,/kogs/sales,"36,790"
117,/colonize-mars,https://d1nht67oz99wd1.cloudfront.net/colonize-mars.png,Colonize Mars,WAX,"962,611 WAX",/colonize-mars/sales/summary,"$274,758",#ca2d2d,12.03%,916,/colonize-mars/sales,"13,673"
118,/janky-heist,https://d1nht67oz99wd1.cloudfront.net/resized/janky-heist_resized.ico,Janky Heist,Ethereum,69.1426 ETH,/janky-heist/sales/summary,"$238,137",#ca2d2d,63.54%,233,/janky-heist/sales,461
119,/revv-racing,https://d1nht67oz99wd1.cloudfront.net/resized/revv-racing_resized.png,REVV Racing,Polygon,"176,724.97 MATIC",/revv-racing/sales/summary,"$235,121",#ca2d2d,3.92%,"2,685",/revv-racing/sales,"5,240"
120,/glue-factory-show,https://d1nht67oz99wd1.cloudfront.net/glue-factory-show.jpg,Glue Factory Show,Ethereum,70.0595 ETH,/glue-factory-show/sales/summary,"$224,276",#ca2d2d,93.27%,444,/glue-factory-show/sales,803
121,/green-rabbit,https://d1nht67oz99wd1.cloudfront.net/green-rabbit.png,Green Rabbit,WAX,"735,216 WAX",/green-rabbit/sales/summary,"$219,061",#ca2d2d,61.44%,"1,429",/green-rabbit/sales,"13,880"
122,/sewer-rat-social-club,https://d1nht67oz99wd1.cloudfront.net/resized/sewer-rat-social-club_resized.png,Sewer Rat Social Club,Ethereum,67.3890 ETH,/sewer-rat-social-club/sales/summary,"$217,977",#ca2d2d,53.23%,351,/sewer-rat-social-club/sales,664
123,/the-kitty-butts,https://cryptoslam-token-images.s3.amazonaws.com/icons/the-kitty-butts.jpg,The Kitty Butts,Ethereum,63.8808 ETH,/the-kitty-butts/sales/summary,"$196,750",#ca2d2d,65.04%,588,/the-kitty-butts/sales,"1,315"
124,/hall-of-fame-goat-lodge,https://d1nht67oz99wd1.cloudfront.net/resized/hall-of-fame-goat-lodge_resized.jpg,Hall Of Fame Goat Lodge,Ethereum,57.6750 ETH,/hall-of-fame-goat-lodge/sales/summary,"$195,605",#ca2d2d,61.16%,468,/hall-of-fame-goat-lodge/sales,685
125,/wrapped-cryptocats,https://d1nht67oz99wd1.cloudfront.net/wrapped-crypto-cats.jpeg,Wrapped Cryptocats,Ethereum,51.5300 ETH,/wrapped-cryptocats/sales/summary,"$183,056",#ca2d2d,90.06%,8,/wrapped-cryptocats/sales,9
126,/funko,https://d1nht67oz99wd1.cloudfront.net/funko.jpg,Funko,WAX,"553,861 WAX",/funko/sales/summary,"$159,321",#ca2d2d,91.77%,"1,250",/funko/sales,"14,363"
127,/yat,https://d1nht67oz99wd1.cloudfront.net/yat.png,Yat,Ethereum,43.7953 ETH,/yat/sales/summary,"$157,817",#ca2d2d,83.56%,58,/yat/sales,102
128,/super-yeti,https://d1nht67oz99wd1.cloudfront.net/resized/SuperYeti_resized.png,Super Yeti,Ethereum,47.2789 ETH,/super-yeti/sales/summary,"$157,437",#ca2d2d,65.80%,352,/super-yeti/sales,520
129,/realfevr,https://cryptoslam-token-images.s3.amazonaws.com/icons/realfevr.png,RealFevr,BSC,335.03 BNB,/realfevr/sales/summary,"$152,893",#ca2d2d,70.36%,315,/realfevr/sales,"3,735"
130,/eternal,https://d1nht67oz99wd1.cloudfront.net/resized/eternal-logo-2_resized.png,Eternal,Flow,"145,587.00 USD",/eternal/sales/summary,"$145,587",#1d8843,141.06%,300,/eternal/sales,"5,602"
131,/gorilla-nemesis,https://d1nht67oz99wd1.cloudfront.net/resized/gorilla-nemesis_resized.jpg,Gorilla Nemesis,Ethereum,42.1188 ETH,/gorilla-nemesis/sales/summary,"$139,860",#1d8843,23.29%,233,/gorilla-nemesis/sales,487
132,/land-vault,https://d1nht67oz99wd1.cloudfront.net/resized/land-vault_resized.jpg,Land Vault,Ethereum,41.0218 ETH,/land-vault/sales/summary,"$135,336",#ca2d2d,2.03%,19,/land-vault/sales,55
133,/blazed-cats,https://d1nht67oz99wd1.cloudfront.net/resized/blazed-cats_resized.webp,Blazed Cats,Ethereum,34.6956 ETH,/blazed-cats/sales/summary,"$125,484",#ca2d2d,88.28%,427,/blazed-cats/sales,529
134,/mlb-champions,https://d1nht67oz99wd1.cloudfront.net/mlbc-logo.png,MLB Champions,Ethereum,35.7852 ETH,/mlb-champions/sales/summary,"$124,840",#ca2d2d,88.93%,110,/mlb-champions/sales,266
135,/train-of-the-century,https://d1nht67oz99wd1.cloudfront.net/resized/train-of-the-century_resized.webp,Train of the Century,WAX,"460,234 WAX",/train-of-the-century/sales/summary,"$122,378",#ca2d2d,5.17%,610,/train-of-the-century/sales,"7,109"
136,,https://cryptoslam-token-images.s3.amazonaws.com/icons/covidpunks.jpeg,COVIDPunks,Ethereum,30.8258 ETH,/covidpunks/sales/summary,"$110,836",#ca2d2d,97.90%,323,/covidpunks/sales,458
137,/galactic-secret-agency,https://d1nht67oz99wd1.cloudfront.net/resized/galactic-secret-agency_resized.png,Galactic Secret Agency,Ethereum,30.4677 ETH,/galactic-secret-agency/sales/summary,"$107,733",#ca2d2d,76.52%,344,/galactic-secret-agency/sales,491
138,/barn-owlz,https://d1nht67oz99wd1.cloudfront.net/resized/barn-owlz_resized.png,Barn Owlz,Ethereum,32.0743 ETH,/barn-owlz/sales/summary,"$106,287",#ca2d2d,86.71%,229,/barn-owlz/sales,378
139,/crypto-zunks,https://d1nht67oz99wd1.cloudfront.net/crypto-zunks.jpg,Crypto Zunks,Ethereum,29.9146 ETH,/crypto-zunks/sales/summary,"$101,766",#ca2d2d,95.19%,220,/crypto-zunks/sales,479
140,/slumdoge-billionaires,https://d1nht67oz99wd1.cloudfront.net/resized/slumdoge-billionaires_resized.ico,Slumdoge Billionaires,Ethereum,28.8897 ETH,/slumdoge-billionaires/sales/summary,"$100,293",#ca2d2d,77.16%,206,/slumdoge-billionaires/sales,313
141,/gener8tive,https://d1nht67oz99wd1.cloudfront.net/resized/gener8tive-k-compositions_resized.ico,Gener8tive,Ethereum,28.8769 ETH,/gener8tive/sales/summary,"$97,188",#ca2d2d,86.69%,3,/gener8tive/sales,5
142,/lucky-maneki,https://d1nht67oz99wd1.cloudfront.net/resized/lucky-maneki_resized.ico,Lucky Maneki,Ethereum,27.6024 ETH,/lucky-maneki/sales/summary,"$96,277",#ca2d2d,84.59%,357,/lucky-maneki/sales,626
143,/cypher-city,https://d1nht67oz99wd1.cloudfront.net/resized/cypher-city_resized.ico,Cypher City,Ethereum,26.1209 ETH,/cypher-city/sales/summary,"$88,791",#ca2d2d,87.45%,266,/cypher-city/sales,443
144,/reb3l-bots,https://d1nht67oz99wd1.cloudfront.net/reb3l-bots.png,Reb3l Bots,Ethereum,26.2042 ETH,/reb3l-bots/sales/summary,"$87,655",#ca2d2d,87.42%,256,/reb3l-bots/sales,546
145,/untamed-elephants,https://d1nht67oz99wd1.cloudfront.net/resized/untamed-elephants_resized.png,Untamed Elephants,Ethereum,22.8989 ETH,/untamed-elephants/sales/summary,"$79,408",#ca2d2d,86.28%,333,/untamed-elephants/sales,474
146,/divine-order,https://d1nht67oz99wd1.cloudfront.net/resized/the-divine-order-of-the-zodiac_resized.png,Divine Order,Ethereum,22.4567 ETH,/divine-order/sales/summary,"$77,744",#ca2d2d,81.95%,251,/divine-order/sales,401
147,/block-cities,https://d1nht67oz99wd1.cloudfront.net/resized/block-cities_resized.png,Block Cities,Ethereum,20.5738 ETH,/block-cities/sales/summary,"$73,549",#ca2d2d,91.68%,42,/block-cities/sales,76
148,/f1-delta-time,https://d1nht67oz99wd1.cloudfront.net/resized/f1-delta-time-logo_resized.png,F1 Delta Time,Ethereum,20.3823 ETH,/f1-delta-time/sales/summary,"$73,036",#ca2d2d,88.49%,75,/f1-delta-time/sales,180
149,/dark-country,https://d1nht67oz99wd1.cloudfront.net/resized/dark-country-logo_resized.png,Dark Country,WAX,"240,908 WAX",/dark-country/sales/summary,"$68,139",#ca2d2d,37.69%,286,/dark-country/sales,"4,170"
150,/goblin-goons,https://d1nht67oz99wd1.cloudfront.net/resized/goblin-goons_resized.jpg,Goblin Goons,Ethereum,19.4205 ETH,/goblin-goons/sales/summary,"$67,350",#ca2d2d,68.69%,200,/goblin-goons/sales,264
151,/chubbies,https://d1nht67oz99wd1.cloudfront.net/resized/chubbies_resized.png,Chubbies,Ethereum,19.1121 ETH,/chubbies/sales/summary,"$65,768",#ca2d2d,67.55%,199,/chubbies/sales,254
152,/the-wolf-gang,https://cryptoslam-token-images.s3.amazonaws.com/icons/wolfgang.png,The Wolf Gang,Ethereum,18.1705 ETH,/the-wolf-gang/sales/summary,"$62,923",#ca2d2d,90.99%,456,/the-wolf-gang/sales,615
153,/hodlgod,https://d1nht67oz99wd1.cloudfront.net/resized/hodlgod-logo_resized.png,HodlGod,WAX,"199,670 WAX",/hodlgod/sales/summary,"$59,013",#1d8843,345.00%,169,/hodlgod/sales,"1,181"
154,/slacker-duck-pond,https://d1nht67oz99wd1.cloudfront.net/resized/slacker-duck-pond_resized.ico,Slacker Duck Pond,Ethereum,14.8267 ETH,/slacker-duck-pond/sales/summary,"$52,257",#ca2d2d,47.37%,181,/slacker-duck-pond/sales,285
155,/bitcoin-origins,https://d1nht67oz99wd1.cloudfront.net/resized/btc-origins-logo_resized.png,Bitcoin Origins,WAX,"175,507 WAX",/bitcoin-origins/sales/summary,"$51,248",#ca2d2d,13.82%,251,/bitcoin-origins/sales,"1,189"
156,/gnome-series,https://cryptoslam-token-images.s3.amazonaws.com/gnome-series.png,Gnome Series,WAX,"186,586 WAX",/gnome-series/sales/summary,"$49,771",#1d8843,42.28%,"1,117",/gnome-series/sales,"16,454"
157,/pixelglyphs,https://d1nht67oz99wd1.cloudfront.net/resized/pixelglyphs_resized.png,Pixelglyphs,Ethereum,13.8960 ETH,/pixelglyphs/sales/summary,"$48,607",#ca2d2d,93.45%,150,/pixelglyphs/sales,214
158,/the-wonderquest,https://d1nht67oz99wd1.cloudfront.net/resized/the-wonderquest_resized.jpg,The Wonderquest,Ethereum,13.4676 ETH,/the-wonderquest/sales/summary,"$46,164",#ca2d2d,95.70%,113,/the-wonderquest/sales,204
159,/cryptomonkeys,https://d1nht67oz99wd1.cloudfront.net/resized/cryptomonkeys-logo_resized.png,CryptomonKeys,WAX,"152,123 WAX",/cryptomonkeys/sales/summary,"$40,707",#1d8843,176.69%,351,/cryptomonkeys/sales,"2,499"
160,/procedural-space,https://cryptoslam-token-images.s3.amazonaws.com/icons/procedural-space.ico,Procedural Space,Ethereum,10.7141 ETH,/procedural-space/sales/summary,"$39,924",#ca2d2d,90.49%,71,/procedural-space/sales,157
161,/mad-cat-militia,https://d1nht67oz99wd1.cloudfront.net/resized/mad-cat-militia_resized.png,Mad Cat Militia,Ethereum,11.5635 ETH,/mad-cat-militia/sales/summary,"$39,885",#ca2d2d,61.76%,259,/mad-cat-militia/sales,405
162,/degenz,https://d1nht67oz99wd1.cloudfront.net/resized/degenz_resized.jpg,Degenz,Ethereum,10.7257 ETH,/degenz/sales/summary,"$36,652",#ca2d2d,96.23%,106,/degenz/sales,141
163,/nft-draft,https://d1nht67oz99wd1.cloudfront.net/nft-draft.png,Nft Draft,WAX,"136,757 WAX",/nft-draft/sales/summary,"$36,461",#ca2d2d,31.32%,513,/nft-draft/sales,"16,526"
164,/nice-drips,https://d1nht67oz99wd1.cloudfront.net/resized/nice-drips_resized.webp,Nice Drips,Ethereum,9.9498 ETH,/nice-drips/sales/summary,"$34,867",#ca2d2d,95.84%,376,/nice-drips/sales,607
165,/yoshi-drops,https://d1nht67oz99wd1.cloudfront.net/resized/yoshidrops_resized.jpg,Yoshi Drops,WAX,"119,694 WAX",/yoshi-drops/sales/summary,"$32,918",#ca2d2d,23.44%,974,/yoshi-drops/sales,"17,334"
166,/street-fighter,https://d1nht67oz99wd1.cloudfront.net/resized/streetfighter-logo_resized.png,Street Fighter,WAX,"104,562 WAX",/street-fighter/sales/summary,"$32,076",#1d8843,1.50%,592,/street-fighter/sales,"8,138"
167,/inverted-ape-club,https://cryptoslam-token-images.s3.amazonaws.com/icons/inverted-ape-club.png,Inverted Ape Club,Ethereum,7.6464 ETH,/inverted-ape-club/sales/summary,"$26,760",#ca2d2d,72.92%,41,/inverted-ape-club/sales,79
168,/garbage-pail-kids,https://d1nht67oz99wd1.cloudfront.net/resized/gpk-logo_resized.png,Garbage Pail Kids,WAX,"89,592 WAX",/garbage-pail-kids/sales/summary,"$26,478",#1d8843,125.89%,298,/garbage-pail-kids/sales,"3,020"
169,/writer,https://d1nht67oz99wd1.cloudfront.net/crypto-writer.png,Writer,WAX,"92,358 WAX",/writer/sales/summary,"$26,287",#ca2d2d,20.36%,196,/writer/sales,"2,144"
170,/upland-collectibles,https://d1nht67oz99wd1.cloudfront.net/resized/upland-collectibles_resized.png,Upland Collectibles,WAX,"92,749 WAX",/upland-collectibles/sales/summary,"$26,017",#ca2d2d,6.40%,250,/upland-collectibles/sales,"1,758"
171,/evolution,https://d1nht67oz99wd1.cloudfront.net/resized/evolution-logo_resized.png,Evolution,Flow,"22,202.04 USD",/evolution/sales/summary,"$22,202",#1d8843,101.01%,25,/evolution/sales,127
172,/degens-farm,https://d1nht67oz99wd1.cloudfront.net/resized/degenz-farms_resized.png,Degens Farm,Ethereum,6.3526 ETH,/degens-farm/sales/summary,"$22,091",#ca2d2d,62.88%,7,/degens-farm/sales,28
173,/motogp,https://d1nht67oz99wd1.cloudfront.net/resized/motogp-logo_resized.png,Motogp,Flow,"16,657.84 USD",/motogp/sales/summary,"$16,756",#ca2d2d,5.46%,42,/motogp/sales,210
174,/the-horrors,https://d1nht67oz99wd1.cloudfront.net/resized/thehorrors-logo_resized.png,The Horrors,WAX,"57,633 WAX",/the-horrors/sales/summary,"$16,243",#ca2d2d,51.01%,476,/the-horrors/sales,"3,109"
175,/rabbit-college-club,https://d1nht67oz99wd1.cloudfront.net/resized/rabbit-college-club_resized.ico,Rabbit College Club,Ethereum,4.0486 ETH,/rabbit-college-club/sales/summary,"$13,629",#ca2d2d,78.51%,148,/rabbit-college-club/sales,208
176,/dappradar-onessus,https://d1nht67oz99wd1.cloudfront.net/resized/dappradar-onessus-_resized.png,Dappradar Onessus,WAX,"42,618 WAX",/dappradar-onessus/sales/summary,"$12,170",#1d8843,62.49%,37,/dappradar-onessus/sales,180
177,/deadmau5,https://d1nht67oz99wd1.cloudfront.net/resized/deadmau5-logo_resized.png,deadmau5,WAX,"38,601 WAX",/deadmau5/sales/summary,"$11,956",#1d8843,502.41%,254,/deadmau5/sales,"2,450"
178,,https://cryptoslam-token-images.s3.amazonaws.com/icons/rogue.png,Nft Stonkers,WAX,"36,668 WAX",/nft-stonkers/sales/summary,"$10,365",#1d8843,12.15%,206,/nft-stonkers/sales,745
179,,https://cryptoslam-token-images.s3.amazonaws.com/icons/rogue.png,ClashDome,WAX,"39,807 WAX",/clashdome/sales/summary,"$10,186",#ca2d2d,59.11%,30,/clashdome/sales,51
180,,https://cryptoslam-token-images.s3.amazonaws.com/icons/villa-paris.png,Villa Devendome Paris ELK,Ethereum,2.3453 ETH,/villa-devendome-paris-elk/sales/summary,"$8,525",#ca2d2d,73.30%,18,/villa-devendome-paris-elk/sales,39
181,/reckless-whales,https://d1nht67oz99wd1.cloudfront.net/resized/reckless-whales_resized.png,Reckless Whales,Ethereum,1.9873 ETH,/reckless-whales/sales/summary,"$6,895",#ca2d2d,72.25%,118,/reckless-whales/sales,139
182,/dark-pinup,https://d1nht67oz99wd1.cloudfront.net/resized/dark-pinup_resized.png,Dark Pinup,WAX,"23,178 WAX",/dark-pinup/sales/summary,"$6,486",#1d8843,10.92%,152,/dark-pinup/sales,"1,792"
183,/dust,https://d1nht67oz99wd1.cloudfront.net/resized/dust_resized.png,Dust,WAX,"20,184 WAX",/dust/sales/summary,"$5,627",#ca2d2d,52.47%,23,/dust/sales,52
184,/the-chronicles-of-dr-zammsy,https://d1nht67oz99wd1.cloudfront.net/the-chronicles-of-dr-zammsy.png,The Chronicles Of Dr Zammsy,WAX,"17,845 WAX",/the-chronicles-of-dr-zammsy/sales/summary,"$5,412",#1d8843,304.97%,30,/the-chronicles-of-dr-zammsy/sales,611
185,/tales-of-the-crypto,https://d1nht67oz99wd1.cloudfront.net/resized/tales-of-the-crypto_resized.jpg,Tales Of The Crypto,WAX,"19,078 WAX",/tales-of-the-crypto/sales/summary,"$5,306",#ca2d2d,26.71%,171,/tales-of-the-crypto/sales,"1,182"
186,/godzilla,https://d1nht67oz99wd1.cloudfront.net/resized/godzilla_resized.png,Godzilla,WAX,"17,944 WAX",/godzilla/sales/summary,"$5,112",#ca2d2d,14.97%,149,/godzilla/sales,"2,581"
187,/atari,https://d1nht67oz99wd1.cloudfront.net/resized/atari-logo_resized.png,Atari,WAX,"17,250 WAX",/atari/sales/summary,"$5,086",#ca2d2d,18.65%,87,/atari/sales,312
188,/nifty-wizards,https://d1nht67oz99wd1.cloudfront.net/resized/nifty-wizards-logo_resized.webp,Nifty Wizards,WAX,"18,152 WAX",/nifty-wizards/sales/summary,"$4,761",#ca2d2d,44.34%,128,/nifty-wizards/sales,617
189,/monsters-of-rap,https://d1nht67oz99wd1.cloudfront.net/resized/monsters-of-rap-logo_resized.png,Monsters of Rap,WAX,"15,101 WAX",/monsters-of-rap/sales/summary,"$4,335",#ca2d2d,79.92%,316,/monsters-of-rap/sales,"1,967"
190,/armies-of-power,https://d1nht67oz99wd1.cloudfront.net/resized/armies-of-power_resized.png,Armies Of Power,WAX,"14,141 WAX",/armies-of-power/sales/summary,"$4,300",#1d8843,362.57%,97,/armies-of-power/sales,"2,335"
191,/ultra-rare,https://d1nht67oz99wd1.cloudfront.net/resized/ultra-rare_resized.png,Ultra Rare,WAX,"15,462 WAX",/ultra-rare/sales/summary,"$4,246",#ca2d2d,12.61%,319,/ultra-rare/sales,"4,539"
192,/hash-demons,https://d1nht67oz99wd1.cloudfront.net/resized/hash-demons_resized.ico,Hash Demons,Ethereum,1.1791 ETH,/hash-demons/sales/summary,"$4,195",#ca2d2d,85.53%,53,/hash-demons/sales,75
193,/space-shibas,https://d1nht67oz99wd1.cloudfront.net/space-shibas.png,Space Shibas,Ethereum,1.2510 ETH,/space-shibas/sales/summary,"$4,109",#ca2d2d,83.75%,15,/space-shibas/sales,31
194,/the-uplift-world,https://d1nht67oz99wd1.cloudfront.net/resized/the-uplift-world_resized.png,The Uplift World,WAX,"15,428 WAX",/the-uplift-world/sales/summary,"$4,064",#1d8843,110.60%,48,/the-uplift-world/sales,91
195,,https://d1nht67oz99wd1.cloudfront.net/resized/gods-unchained-logo_resized.png,Gods Unchained,Ethereum,1.0844 ETH,/gods-unchained/sales/summary,"$3,788",#1d8843,249.13%,6,/gods-unchained/sales,6
196,/muhammad-ali,https://d1nht67oz99wd1.cloudfront.net/muhammad-ali.png,Muhammad Ali,WAX,"12,802 WAX",/muhammad-ali/sales/summary,"$3,598",#ca2d2d,95.35%,270,/muhammad-ali/sales,"1,996"
197,/upliftart,https://d1nht67oz99wd1.cloudfront.net/resized/uplift-art-logo_resized.png,UpliftArt,WAX,"10,440 WAX",/upliftart/sales/summary,"$3,116",#1d8843,95.26%,33,/upliftart/sales,362
198,/blockchain-heroes,https://d1nht67oz99wd1.cloudfront.net/resized/blockchain-heroes-logo_resized.png,Blockchain Heroes,WAX,"12,149 WAX",/blockchain-heroes/sales/summary,"$3,106",#1d8843,10.93%,139,/blockchain-heroes/sales,447
199,/robotech,https://cryptoslam-token-images.s3.amazonaws.com/robotech.png,Robotech,WAX,"11,098 WAX",/robotech/sales/summary,"$2,962",#ca2d2d,67.83%,572,/robotech/sales,"3,635"
200,/etherworlds,https://d1nht67oz99wd1.cloudfront.net/resized/etherworlds_resized.png,Etherworlds,Ethereum,0.9500 ETH,/etherworlds/sales/summary,"$2,796",#1d8843,113.76%,4,/etherworlds/sales,9
201,/boysterous,https://d1nht67oz99wd1.cloudfront.net/resized/boysterous_resized.jpg,Boysterous,WAX,"7,234 WAX",/boysterous/sales/summary,"$2,311",#ca2d2d,64.43%,41,/boysterous/sales,322
202,/void-elementals,https://d1nht67oz99wd1.cloudfront.net/resized/void-elementals_resized.png,Void Elementals,WAX,"7,449 WAX",/void-elementals/sales/summary,"$2,025",#ca2d2d,74.85%,65,/void-elementals/sales,570
203,/kenn-bosak,https://d1nht67oz99wd1.cloudfront.net/resized/kenn-bosak_resized.jpg,Kenn Bosak,WAX,"6,960 WAX",/kenn-bosak/sales/summary,"$2,025",#ca2d2d,76.83%,243,/kenn-bosak/sales,"1,670"
204,/tribal-books,https://d1nht67oz99wd1.cloudfront.net/resized/tribal-books-logo_resized.png,Tribal Books,WAX,"6,877 WAX",/tribal-books/sales/summary,"$1,825",#1d8843,148.56%,15,/tribal-books/sales,60
205,/bud-farm,https://d1nht67oz99wd1.cloudfront.net/resized/budfarm_resized.png,Bud Farm,WAX,"5,737 WAX",/bud-farm/sales/summary,"$1,777",#1d8843,72.19%,109,/bud-farm/sales,689
206,/cartombs,https://d1nht67oz99wd1.cloudfront.net/resized/cartombs_resized.png,Cartombs,WAX,"5,780 WAX",/cartombs/sales/summary,"$1,630",#1d8843,19.37%,105,/cartombs/sales,392
207,/luna-park,https://d1nht67oz99wd1.cloudfront.net/resized/luna-park_resized.png,Luna Park,WAX,"5,031 WAX",/luna-park/sales/summary,"$1,500",#ca2d2d,69.74%,164,/luna-park/sales,881
208,/cometh-spaceships,https://d1nht67oz99wd1.cloudfront.net/resized/cometh_resized.ico,Cometh Spaceships,Ethereum,0.4370 ETH,/cometh-spaceships/sales/summary,"$1,404",#ca2d2d,86.70%,7,/cometh-spaceships/sales,11
209,/leonard-nimoy,https://d1nht67oz99wd1.cloudfront.net/resized/leonard-nimoy-logo_resized.png,Leonard Nimoy,WAX,"4,584 WAX",/leonard-nimoy/sales/summary,"$1,209",#ca2d2d,21.28%,65,/leonard-nimoy/sales,596
210,/alpaca-worlds,https://d1nht67oz99wd1.cloudfront.net/resized/alpaca-worlds_resized.png,Alpaca Worlds,WAX,"3,409 WAX",/alpaca-worlds/sales/summary,"$1,123",#ca2d2d,69.73%,87,/alpaca-worlds/sales,415
211,/mutant-warriors,https://d1nht67oz99wd1.cloudfront.net/resized/mutant-warriors-logo_resized.png,Mutant Warriors,WAX,"3,775 WAX",/mutant-warriors/sales/summary,"$1,049",#1d8843,62.03%,116,/mutant-warriors/sales,592
212,/bitverse-comics,https://d1nht67oz99wd1.cloudfront.net/resized/bitverse_resized.png,Bitverse Comics,WAX,"3,259 WAX",/bitverse-comics/sales/summary,$965,#ca2d2d,58.46%,129,/bitverse-comics/sales,857
213,/rebel-rabbits,https://d1nht67oz99wd1.cloudfront.net/rebel-rabbits.jpeg,Rebel Rabbits,WAX,"3,210 WAX",/rebel-rabbits/sales/summary,$951,#1d8843,"4,015.23%",50,/rebel-rabbits/sales,175
214,/exit-limbo,https://d1nht67oz99wd1.cloudfront.net/resized/exit-limbo_resized.png,Exit Limbo,WAX,"3,312 WAX",/exit-limbo/sales/summary,$922,#ca2d2d,56.28%,88,/exit-limbo/sales,429
215,,https://cryptoslam-token-images.s3.amazonaws.com/icons/pixel-apes.png,Pixel Apes,Ethereum,0.2131 ETH,/pixel-apes/sales/summary,$796,#ca2d2d,99.87%,7,/pixel-apes/sales,8
216,/bitcoin-elite,https://d1nht67oz99wd1.cloudfront.net/resized/bitcoinelite-logo_resized.png,Bitcoin Elite,WAX,"2,777 WAX",/bitcoin-elite/sales/summary,$699,#1d8843,106.21%,43,/bitcoin-elite/sales,229
217,/skullz,https://d1nht67oz99wd1.cloudfront.net/resized/skullz_resized.png,Skullz,WAX,"2,379 WAX",/skullz/sales/summary,$653,#ca2d2d,21.33%,77,/skullz/sales,280
218,/shatner,https://d1nht67oz99wd1.cloudfront.net/resized/shatner-logo_resized.png,Shatner,WAX,"2,115 WAX",/shatner/sales/summary,$624,#1d8843,454.97%,13,/shatner/sales,19
219,/bratz,https://d1nht67oz99wd1.cloudfront.net/resized/bratz-logo_resized.png,Bratz,WAX,"1,783 WAX",/bratz/sales/summary,$543,#1d8843,588.54%,6,/bratz/sales,15
220,/imposter-punks,https://cryptoslam-token-images.s3.amazonaws.com/icons/imposter-punks.png,Imposter Punks,WAX,"1,648 WAX",/imposter-punks/sales/summary,$516,#ca2d2d,86.95%,30,/imposter-punks/sales,69
221,/player-tokens,https://d1nht67oz99wd1.cloudfront.net/resized/player-tokens-logo_resized.png,Player Tokens,Ethereum,0.1450 ETH,/player-tokens/sales/summary,$467,#ca2d2d,99.71%,3,/player-tokens/sales,3
222,/stryking,https://d1nht67oz99wd1.cloudfront.net/resized/stryking-logo_resized.png,Stryking,Ethereum,0.1600 ETH,/stryking/sales/summary,$456,#1d8843,3.62%,1,/stryking/sales,1
223,/nfft,https://d1nht67oz99wd1.cloudfront.net/resized/nfft_resized.png,Nfft,Ethereum,0.1280 ETH,/nfft/sales/summary,$449,#ca2d2d,88.70%,2,/nfft/sales,4
224,/the-nifty-shop,https://d1nht67oz99wd1.cloudfront.net/resized/theniftyshop-logo_resized.png,The Nifty Shop,WAX,"1,507 WAX",/the-nifty-shop/sales/summary,$424,#1d8843,32.71%,116,/the-nifty-shop/sales,284
225,/weezer,https://d1nht67oz99wd1.cloudfront.net/weezer.jpeg,Weezer,WAX,"1,228 WAX",/weezer/sales/summary,$368,#ca2d2d,42.28%,82,/weezer/sales,554
226,/gopepe,https://d1nht67oz99wd1.cloudfront.net/resized/gopepe-logo_resized.png,GoPepe,WAX,"1,123 WAX",/gopepe/sales/summary,$358,#1d8843,337.81%,42,/gopepe/sales,213
227,/bravefrontierheroes,https://d1nht67oz99wd1.cloudfront.net/resized/bfh-logo_resized.png,BraveFrontierHeroes,Ethereum,0.0827 ETH,/bravefrontierheroes/sales/summary,$288,#ca2d2d,92.37%,5,/bravefrontierheroes/sales,5
228,/bitcoin-babes,https://d1nht67oz99wd1.cloudfront.net/resized/bitcoin-babes_resized.png,Bitcoin Babes,WAX,627 WAX,/bitcoin-babes/sales/summary,$173,#1d8843,259.33%,37,/bitcoin-babes/sales,83
229,/in-the-moment,https://d1nht67oz99wd1.cloudfront.net/resized/in-the-moment-with-anthony-geathers_resized.png,In The Moment,WAX,546 WAX,/in-the-moment/sales/summary,$154,#ca2d2d,97.11%,29,/in-the-moment/sales,102
230,/pepe.hero,https://d1nht67oz99wd1.cloudfront.net/resized/pepehero-logo_resized.png,Pepe.Hero,WAX,672 WAX,/pepe.hero/sales/summary,$144,#ca2d2d,58.85%,18,/pepe.hero/sales,64
231,/the-world-of-botanica,https://d1nht67oz99wd1.cloudfront.net/resized/twob-logo_resized.png,The World of Botanica,WAX,411 WAX,/the-world-of-botanica/sales/summary,$125,#ca2d2d,93.48%,46,/the-world-of-botanica/sales,253
232,/box-maze,https://d1nht67oz99wd1.cloudfront.net/box-maze.jpeg,Box Maze,WAX,188 WAX,/box-maze/sales/summary,$62,#1d8843,65.72%,17,/box-maze/sales,56
233,/crypto-twerpz,https://d1nht67oz99wd1.cloudfront.net/resized/cryptotwerpz-logo_resized.png,Crypto Twerpz,WAX,165 WAX,/crypto-twerpz/sales/summary,$52,#1d8843,0.00%,2,/crypto-twerpz/sales,18
234,/vancity-outbreak,https://d1nht67oz99wd1.cloudfront.net/resized/vancity-logo_resized.png,VanCity Outbreak,WAX,125 WAX,/vancity-outbreak/sales/summary,$28,#ca2d2d,51.10%,9,/vancity-outbreak/sales,23
235,/old-world-money,https://d1nht67oz99wd1.cloudfront.net/resized/old-world-money_resized.png,Old World Money,WAX,59 WAX,/old-world-money/sales/summary,$16,#ca2d2d,92.59%,33,/old-world-money/sales,150
236,/hotcakes,https://d1nht67oz99wd1.cloudfront.net/resized/hotcakesdrop-logo_resized.png,hotcakes,WAX,31 WAX,/hotcakes/sales/summary,$9,#1d8843,434.80%,5,/hotcakes/sales,8
237,/niftycards,https://d1nht67oz99wd1.cloudfront.net/resized/niftycards-logo_resized.png,NiftyCards,WAX,11 WAX,/niftycards/sales/summary,$3,#ca2d2d,92.81%,2,/niftycards/sales,2
238,/monkey-bytes,https://d1nht67oz99wd1.cloudfront.net/resized/monkey-bytes_resized.jpg,Monkey Bytes,Ethereum,0.0000 ETH,/monkey-bytes/sales/summary,$0,#ca2d2d,100.00%,0,/monkey-bytes/sales,0
239,/reddit-cryptosnoos,https://d1nht67oz99wd1.cloudfront.net/resized/reddit-cryptosnoos_resized.png,Reddit Cryptosnoos,Ethereum,0.0000 ETH,/reddit-cryptosnoos/sales/summary,$0,#ca2d2d,100.00%,0,/reddit-cryptosnoos/sales,0
240,/nft-hype-album,https://d1nht67oz99wd1.cloudfront.net/resized/nfthypealbum_resized.png,NFT Hype Album,WAX,0 WAX,/nft-hype-album/sales/summary,$0,#1d8843,0.00%,0,/nft-hype-album/sales,0
241,/deafbeef,https://d1nht67oz99wd1.cloudfront.net/resized/deafbeef_resized.jpg,Deafbeef,Ethereum,0.0000 ETH,/deafbeef/sales/summary,$0,#ca2d2d,100.00%,0,/deafbeef/sales,0
242,/cryptophunks,https://cryptoslam-token-images.s3.amazonaws.com/icons/cryptophunks.ico,Cryptophunks,Ethereum,0.0000 ETH,/cryptophunks/sales/summary,$0,#1d8843,0.00%,0,/cryptophunks/sales,0
