rank,product_image,product_link,product_name,product_collection,product_collection_link,date,price
1,https://lh3.googleusercontent.com/J2bvZFSrmDTTczpDheldVDYbwJZS1VApoWwiO8UXOGx2iNtkjJNHl8JXbWl6FjNOdCe0NHzrxdGx7IgUpJ-NqvIi=s128,/asset/0x41a322b28d0ff354040e2cbc676f0320d8c8850d/7,Some Asshole,SuperRare,/collection/superrare,2 days ago,$3.8M
2,https://lh3.googleusercontent.com/kVXc9_maaBNRhm_N0rFKk3TePsErgI83EqKD9NldgG-ayCFZIdDMAfHqjRHiJiV0IzvNzcH5v3Is8gV4RzAwKHNN=s128,/asset/0x41a322b28d0ff354040e2cbc676f0320d8c8850d/11,All Time High in the City,SuperRare,/collection/superrare,4 days ago,$2.92M
3,https://lh3.googleusercontent.com/FhqNX0gMfkXmgQnHuM5RdtNGg1Tie55GOfy3K5s_ovIOjj80tOcMlzc2xEJ0jOwpbehwOFKKTDUNhmSxTc9HALo1jwpfr4C2bPp3=s128,/asset/0x059edd72cd353df5106d2b9cc5ab83a52287ac3a/4697,Chromie Squiggle #4697,Art Blocks Curated,/collection/art-blocks,3 days ago,$2.88M
4,https://lh3.googleusercontent.com/1XWKRwcBDwCOgOQB_G0wFV88CKyOXmNgEBpQ07v1co4XQslWezaYp8p8KkmXewu84TMXGarvpQZu10bdK4cPktJABYqZw3_2iHOnCw=s128,/asset/0xa7d8d9ef8d8ce8992df33d8b8cf4aebabd5bd270/13000220,Ringers #220,Art Blocks Curated,/collection/art-blocks,about 7 hours ago,$2.2M
5,https://lh3.googleusercontent.com/2YaoBxhNw_tLuFqCKfKh1rrrihn5HFSr8hjL7SVaQYT_zavqQZCkw3I8ml55DjN6jQGNdrlwJLjqavW3oZ1NSpGG7xLf3dQ5Qd8mEvc=s128,/asset/0xa7d8d9ef8d8ce8992df33d8b8cf4aebabd5bd270/13000621,Ringers #621,Art Blocks Curated,/collection/art-blocks,about 7 hours ago,$2.05M
6,https://lh3.googleusercontent.com/YzAuGEViEumQNl_QJb0Bvmr2wPo1x8_c3oZSEX6_fbBvvxt5oaN190QAC7Fy15UaoA4baxixJ_QTek7W_cQ-nXbos8ueD645UFMd=s128,/asset/0xb47e3cd837ddf8e4c57f05d70ab865de6e193bbb/6721,CryptoPunk #6721,CryptoPunks,/collection/cryptopunks,about 21 hours ago,$1.29M
7,https://lh3.googleusercontent.com/8KUNRUHTUFS4ch_l9-E--g7lAwVT8oaO_XItXhLOP9FwwMlIZGOIwReKfZsXYFSnSMqZh2Cxaly2N2G1VxWUm84YFNmYYh9yGF4l-Q=s128,/asset/0xb47e3cd837ddf8e4c57f05d70ab865de6e193bbb/6578,CryptoPunk #6578,CryptoPunks,/collection/cryptopunks,4 days ago,$1.03M
8,https://lh3.googleusercontent.com/KmPfm4qogtcsZAy5E_qv_Jo8aSkKbcXzBzF022D1XWVjYwFf8XdrKtHKzVbPse8vSl_vfyN7yhfhAsiJ7FdH2POU9B9p4qzTwxMZy5A=s128,/asset/0xb47e3cd837ddf8e4c57f05d70ab865de6e193bbb/4608,CryptoPunk #4608,CryptoPunks,/collection/cryptopunks,6 days ago,$896k
9,https://lh3.googleusercontent.com/YR1kytBP9PGgKy2kWsexYaTCzGT6gzJ6ajBv4KNNXiIQjtlAjZ_FZXZlO_qGDpn1LA2ieIA7k6rkoZR9Z75-goYMQW6fUs6Q3fVThQ=s128,/asset/0xb47e3cd837ddf8e4c57f05d70ab865de6e193bbb/6987,CryptoPunk #6987,CryptoPunks,/collection/cryptopunks,about 3 hours ago,$818k
10,https://lh3.googleusercontent.com/9GgkzN-7si-yuuOHyZ6OmOj28LBRutwfFA-rgJnT10vXDuv8-nJdVd5r6UjQEnvlquDEYHVlXIt82Y5rzKNXljSV9rp7hI6BQtCleQ=s128,/asset/0xa7206d878c5c3871826dfdb42191c49b1d11f466/1,Page,LOSTPOETS,/collection/lostpoets,7 days ago,$713k
11,https://lh3.googleusercontent.com/IpGXfRmHP8QHQiiptG4v9n7A_rzX_VhBXb849In8gNZek_4gJYhu9B7a2KYmbz9GFn_RiLZYKWvrvSfqYJwumy99lTLtYF33iZafmI0=s128,/asset/0x8cd8155e1af6ad31dd9eec2ced37e04145acfcb3/4523,Cupcat 4523,Cupcats Official,/collection/cupcatsofficial,6 days ago,$704k
12,https://lh3.googleusercontent.com/OILOMG1VHoHV5B7jfPVMS4GTB_PN1Hl2OJ_ig18cX3ACZ2RIkDtp5SoUqdv9E2ujFHKCHDLtaQyYry0pBBnfAzdNWNdXC3rnFsQDfQ=s128,/asset/0xb47e3cd837ddf8e4c57f05d70ab865de6e193bbb/610,CryptoPunk #610,CryptoPunks,/collection/cryptopunks,6 days ago,$694k
13,https://lh3.googleusercontent.com/9oCqA9TOihoQkUAZiM94RVvhwft7nzq7SLug-OzSrAODpy157q_7qSP0a1Usp6Z0tEqpvRm7TRWKhoLbDnjiaqhM=s128,/asset/0xb47e3cd837ddf8e4c57f05d70ab865de6e193bbb/9019,CryptoPunk #9019,CryptoPunks,/collection/cryptopunks,5 days ago,$676k
14,https://lh3.googleusercontent.com/TqOi69KYiY9Nw2MJywk2LtlaoVX-2bmlNPzLtiRhMyX4l9yZrplBBx2XmbU79knobeusxicGYWwE0q7FrikYJS4TQ7cNIfFkXtUPmw=s128,/asset/0xb47e3cd837ddf8e4c57f05d70ab865de6e193bbb/7946,CryptoPunk #7946,CryptoPunks,/collection/cryptopunks,about 14 hours ago,$676k
15,https://lh3.googleusercontent.com/3sSXbPolgMD7RBwddoB4doJd_6vVrMLKP_9haAfv7aPXVBch8dgzG-FwYn_x5WXFwYIGTtgcZvp1ohZkhSnzdwsQRl8erNb_elEb=s128,/asset/0xa7d8d9ef8d8ce8992df33d8b8cf4aebabd5bd270/78000642,Fidenza #642,Art Blocks Curated,/collection/art-blocks,3 days ago,$615k
16,https://lh3.googleusercontent.com/KBznN8gYYPy9bHV4uB-IGkH90ajdstg-0OQ6o9EVqHmfZRRTJ6xoJYrBtj6gM1PXK8kUOtxmp7kSGsuG5uehaYDY=s128,/asset/0x06012c8cf97bead5deae237070f9587f8e7a266d/127,Celestial Cyber Dimension,CryptoKitties,/collection/cryptokitties,about 8 hours ago,$600k
17,https://lh3.googleusercontent.com/BsgUbH9vPXMGZssOzBrw2H4iZe7w73jTPhgefBbhhxxFSHSiiNoliJdcYCpY73k0QidrO9MDAg-lnlDWXdMsxsfDNXMgX12HbM5R=s128,/asset/0xb47e3cd837ddf8e4c57f05d70ab865de6e193bbb/9223,CryptoPunk #9223,CryptoPunks,/collection/cryptopunks,about 8 hours ago,$584k
18,https://lh3.googleusercontent.com/HZ87xJ0qdMMRK8jbVcJNjkz7fr6jCiwzAnpMm-wm5t8z18E31FsljCJahI0nBDesLXTNSbfqLlODDCpZuewHUldqF-EQ2xnX-m_Exw=s128,/asset/0xb47e3cd837ddf8e4c57f05d70ab865de6e193bbb/4529,CryptoPunk #4529,CryptoPunks,/collection/cryptopunks,1 day ago,$565k
19,https://lh3.googleusercontent.com/jI-gLQmfiWOHHyIe79uX13jjWN2bJQziOpkJxa_jQa_pUOtY1U6Oz4wfluMbeVsn4Ft4Hrocq2P_8Zv2F2sKJzyLTnWNPyAORNAT=s128,/asset/0xb47e3cd837ddf8e4c57f05d70ab865de6e193bbb/7163,CryptoPunk #7163,CryptoPunks,/collection/cryptopunks,about 5 hours ago,$560k
20,https://lh3.googleusercontent.com/s3O5pXoYs1B1YjdOXHBWzDoLYMVe4Th_6tjSfKMRBaflUmabLS37AsrZpZhMF0cTYTEF31HwMEmCBHbVWFL2CrNLa1NG31DV8--F5o0=s128,/asset/0xb47e3cd837ddf8e4c57f05d70ab865de6e193bbb/1185,CryptoPunk #1185,CryptoPunks,/collection/cryptopunks,6 days ago,$502k
21,https://lh3.googleusercontent.com/twkilrzwnxjY6RIJiRoUfHSwAvjP9PEzMwrM_HTWG4GQ9ut0tUGxV1-ndRYbBzqbTmnqJgPKKFJ48MyTi6lGcQ7-gprQUltW4hgV6A0=s128,/asset/0xb47e3cd837ddf8e4c57f05d70ab865de6e193bbb/8393,CryptoPunk #8393,CryptoPunks,/collection/cryptopunks,about 17 hours ago,$494k
22,https://lh3.googleusercontent.com/XJy1N6eYZHguZPEMULvo0jmqrwE3qr9JFjrW2yuIJxFRP8sBbvtgZmBECl2vJLjXczL-xNbitqkiw3KVeVKfqz12oKyhQvvtTxEq=s128,/asset/0xa7d8d9ef8d8ce8992df33d8b8cf4aebabd5bd270/13000508,Ringers #508,Art Blocks Curated,/collection/art-blocks,3 days ago,$487k
23,https://lh3.googleusercontent.com/i4CKgE1ro685IcMoByEayO2G4b2LeA1Dh3byW5oXNnNIl4_BB7zPtffmeGYwsDX0vTx5iuSY3G9TrbsZzS0ktiRUbFu_E0wg4o2SEw=s128,/asset/0xa7d8d9ef8d8ce8992df33d8b8cf4aebabd5bd270/13000790,Ringers #790,Art Blocks Curated,/collection/art-blocks,3 days ago,$487k
24,https://lh3.googleusercontent.com/3xr1Pq8L-D2UYYQ94NeV5RJ93_TL27TPOf5rhVVKAfVN20n8kKbGCWgzfOg5Al1N3Dth6PK6a2eQulLZsLQYqJANsjq27ZgPqMHMFQ=s128,/asset/0xa7d8d9ef8d8ce8992df33d8b8cf4aebabd5bd270/78000115,Fidenza #115,Art Blocks Curated,/collection/art-blocks,4 days ago,$466k
25,https://lh3.googleusercontent.com/COUDTvWzNrKnEMy2ehylmKTUnH27885Z4L8syWnpzaRZ04z9mzRo0jC-CBnSqcScnkFVgbHC-6ddnYNkQTPDRinxBe1Py0K-Ht530g=s128,/asset/0xb47e3cd837ddf8e4c57f05d70ab865de6e193bbb/312,CryptoPunk #312,CryptoPunks,/collection/cryptopunks,2 days ago,$459k
26,https://lh3.googleusercontent.com/FMLdeKY5kYP4PnFlnfSPVbzIOmqTl4DqsitUe3Ev_oL6LiBHas2OCFx8PIgk3lc27iODhZUaM6nykzhko93wPW8=s128,/asset/0xfbeef911dc5821886e1dda71586d90ed28174b7d/30108,Last Selfie,KnownOrigin,/collection/known-origin,2 days ago,$444k
27,https://lh3.googleusercontent.com/lDNbG7XaQpQ4relbxFhsKuJWWMdup64py7S40hUEdyTkmONqIEWwttunYma81fP5DnxeITAkvgyZXWTuihxhqG6rDp40la6w4_qdMOM=s128,/asset/0xb47e3cd837ddf8e4c57f05d70ab865de6e193bbb/6099,CryptoPunk #6099,CryptoPunks,/collection/cryptopunks,5 days ago,$442k
28,https://lh3.googleusercontent.com/R4_fglkjatWJc-L-7CyDo8Xt7VeztvgRdZOYmF4A8SmZD5dAbhjw0VL0AXTZcPkJGvQCYvvI73Yu-rZ9O7xMWYKKQagjMHiTXm7ZwQ=s128,/asset/0xb47e3cd837ddf8e4c57f05d70ab865de6e193bbb/751,CryptoPunk #751,CryptoPunks,/collection/cryptopunks,6 days ago,$442k
29,https://lh3.googleusercontent.com/H0GJC3dawcc1ua9810tNeEiNfswtvYvDwsQ13qTaapSzoTi9_Dm3b1SxT69Ub5BYaxIthLArxe8_m8X7HLyFz5CmkeMytf8VpQhGqA=s128,/asset/0xa7d8d9ef8d8ce8992df33d8b8cf4aebabd5bd270/13000364,Ringers #364,Art Blocks Curated,/collection/art-blocks,about 7 hours ago,$440k
30,https://lh3.googleusercontent.com/gOqT3e9gaWTcwJuBM20Ove2OHgEACNgRT-PDONAZmo1JkI0v4t_MR5O9u9oLwOqojbnyjI0WEdqP2VeoXhDN1UygjD0I-e75XRsKiw=s128,/asset/0xb47e3cd837ddf8e4c57f05d70ab865de6e193bbb/9039,CryptoPunk #9039,CryptoPunks,/collection/cryptopunks,4 days ago,$437k
31,https://lh3.googleusercontent.com/14QdE6Z-eMq2GlSYpT7GJ6n56kGqHabzEmO682dFB79nGh_sZsvX1jFsbaR-D8wOw7de1KYRW7ZVWv-uTrfeneRH1JrHnEan1ET63Gk=s128,/asset/0xb47e3cd837ddf8e4c57f05d70ab865de6e193bbb/5825,CryptoPunk #5825,CryptoPunks,/collection/cryptopunks,4 days ago,$427k
32,https://lh3.googleusercontent.com/SSnHO762tzAqZG2WPN1kPyOdRowDZHaF2QvVCLhyWOCmVlPS8Dcpsv8Zx61loiOMrv02dLtLnxfds-zEbmwQTQomso7jlWFHkGEFkXA=s128,/asset/0xb47e3cd837ddf8e4c57f05d70ab865de6e193bbb/6728,CryptoPunk #6728,CryptoPunks,/collection/cryptopunks,4 days ago,$427k
33,https://lh3.googleusercontent.com/VzGcm65F713qmk3nSzFfIij9674ke5v42I2QP0v2F76LvbERv5Ir6EiSnX5WqU-mdjz-KeA94Igydkey7opT4TNT3IR0efnC5IZjVg=s128,/asset/0xa7d8d9ef8d8ce8992df33d8b8cf4aebabd5bd270/7000050,Elevated Deconstructions #50,Art Blocks Curated,/collection/art-blocks,7 days ago,$426k
34,https://lh3.googleusercontent.com/Cw57B2GKA2tDeaVs_RoL9C1fNrpHW97sturutUk1cyHg-cVsEdTRfUKhZyUE_m3u4Uw7fDj99JujxRS3dvMmMBsi_YdD8vnrgT3XVA=s128,/asset/0xa7d8d9ef8d8ce8992df33d8b8cf4aebabd5bd270/78000760,Fidenza #760,Art Blocks Curated,/collection/art-blocks,7 days ago,$426k
35,https://lh3.googleusercontent.com/CILkRLRv_nw6-vamy4WOdZGeXFt8biv_ogp3EI09go34Vk06-nRKghEE-QV91r4l6cTKo0g1uhElCK523ZFPOveL=s128,/asset/0xb47e3cd837ddf8e4c57f05d70ab865de6e193bbb/9865,CryptoPunk #9865,CryptoPunks,/collection/cryptopunks,about 10 hours ago,$424k
36,https://lh3.googleusercontent.com/fo0kqLkxA0PeMT3zzYS_39evBp4BM3nYup816fTXp56Z29e3IztY2WtXu4TXdZS8gq6Qz5Rh7yjgsyER5mFqrwLQmEnXT9Z-igHDOBQ=s128,/asset/0xb47e3cd837ddf8e4c57f05d70ab865de6e193bbb/2806,CryptoPunk #2806,CryptoPunks,/collection/cryptopunks,2 days ago,$415k
37,https://lh3.googleusercontent.com/MiysFlq35zdZoSyu5FQy3UrF683adrmIn2wdQBXJucnj1tMlty04Y0TGg3p-JR4OE1ai6Z93hkN4KLK6nDO2nG9K4EC5hS905lgp=s128,/asset/0xb47e3cd837ddf8e4c57f05d70ab865de6e193bbb/5523,CryptoPunk #5523,CryptoPunks,/collection/cryptopunks,6 days ago,$410k
38,https://lh3.googleusercontent.com/x7wFnRPrxzcUOBVBV2bWx8v9lfE9ZYmfK7HLiwdTUcgDTjF0a6gs93hLov6k6OubP74O6Gt4D4aO0TfsFmA_Pq4B=s128,/asset/0xb47e3cd837ddf8e4c57f05d70ab865de6e193bbb/2006,CryptoPunk #2006,CryptoPunks,/collection/cryptopunks,7 days ago,$401k
39,https://lh3.googleusercontent.com/lv5gtbvJ3KgMgWYd9ViIynv0S2hc2R89c-byv8LHyFtIZg-EnJV4yfjHZcs_23wVAttCChm3oOdcAh6fICgJIMXyMQ8-nxcnjgFd=s128,/asset/0x495f947276749ce646f68ac8c248420045cb7b5e/55464657044963196816950587289035428064568320970692304673817341567752713797633,"Pororo LAND Sale - 12x12 Estate L [84,96]",Pororo LAND Sale in The Sandbox,/collection/pororo-land-sale,5 days ago,$401k
40,https://lh3.googleusercontent.com/DEVofVv83EsG_Y8n2Chls5QtDs7H85jWQSJtv65Sf7OrewDV3H1HWcEW3GrPAN9YAcFYd8IdMrq0JZvv9D6pfYTHQdFb2C4EeOQStw=s128,/asset/0xb47e3cd837ddf8e4c57f05d70ab865de6e193bbb/9752,CryptoPunk #9752,CryptoPunks,/collection/cryptopunks,4 days ago,$400k
41,https://lh3.googleusercontent.com/HPHEdOd3J0ri3Emct0KyPO5uAQhvIPJNjntiyLjwxLbfo8PMBju9UrENqWcT3FVQNICTRoRTWX3mbddnE8j-WHOXwLzdsmzV88LS=s128,/asset/0xb47e3cd837ddf8e4c57f05d70ab865de6e193bbb/2976,CryptoPunk #2976,CryptoPunks,/collection/cryptopunks,5 days ago,$395k
42,https://lh3.googleusercontent.com/GiMIvy3MONXdq_rEYmms5rxki6xcuMicVDwvL3-ppbix9YTE3b4Fo1Z2VBzFkWgyekH8IhwXhQ6GlLpVUymoBUSnaVziCWkdvwVRTA=s128,/asset/0xb47e3cd837ddf8e4c57f05d70ab865de6e193bbb/3054,CryptoPunk #3054,CryptoPunks,/collection/cryptopunks,about 6 hours ago,$393k
43,https://lh3.googleusercontent.com/fBqDkZcVJJRPCZJSFzM_OTNPS_bpTFkl-S3V9rFx4PTxwCNiqs1kjswnQW7CLQzbomcdw3IJR2yZ2c4qRVIWE_O3OHrzVURmVcW4vg=s128,/asset/0x82c7a8f707110f5fbb16184a5933e9f78a34c6ab/72479469081512911,"RAREPEPE | Series 1, Card 1 | 300 issued",Emblem Vault [Ethereum],/collection/emblem-vault,1 day ago,$389k
44,https://lh3.googleusercontent.com/CEUNtI1feVH-YFL8zRAV4G4zI9il1eSfNfyee2lDFp5phuwOo2HEtSS2cvsQrOHWF27vU7NwSDm6P_GGCvtOql7motTCB5FogD32og=s128,/asset/0xb47e3cd837ddf8e4c57f05d70ab865de6e193bbb/5427,CryptoPunk #5427,CryptoPunks,/collection/cryptopunks,8 days ago,$387k
45,https://lh3.googleusercontent.com/xFJWxIw2wHkNLxO7I6pD-WN7KzX_0eCVgPrr_HXYQJp8dmneMnYrM1fS7I0RXx1-_y78MqOpVjl79CFPlM3WqlqJhzJV9KkdO2nPFoA=s128,/asset/0xb47e3cd837ddf8e4c57f05d70ab865de6e193bbb/5017,CryptoPunk #5017,CryptoPunks,/collection/cryptopunks,2 days ago,$384k
46,https://lh3.googleusercontent.com/MTQqqVDR-ZgKUsGhFt65bsBDP52IfxUxzAe2AS6HULH92trZDxeY6g-RBXDBHat_QD5eNl_iNaJJBbl1DYAHkwMfxsKBhyPz7lte=s128,/asset/0xb47e3cd837ddf8e4c57f05d70ab865de6e193bbb/7553,CryptoPunk #7553,CryptoPunks,/collection/cryptopunks,7 days ago,$383k
47,https://lh3.googleusercontent.com/sFs3aO4o22x3-miutCQeWB1Y08upYBBRn4XDB-qks7l8z2Y-wl90LtmYdjftsvk_j4UkNSbJZa9-hHfkA9oMaND2iJVk_ZCwDXKD=s128,/asset/0xb47e3cd837ddf8e4c57f05d70ab865de6e193bbb/5201,CryptoPunk #5201,CryptoPunks,/collection/cryptopunks,1 day ago,$381k
48,https://lh3.googleusercontent.com/eoZ2w-Xvasx8pxbwY0l7BjMAxAJMG_CSWyeV0ya1BXXtiBG_qatGRmOMelkj9RY3wqNJuBsBLUNu_rnydkzGtF6HjXkhb93NwRicOw=s128,/asset/0xb47e3cd837ddf8e4c57f05d70ab865de6e193bbb/7106,CryptoPunk #7106,CryptoPunks,/collection/cryptopunks,5 days ago,$381k
49,https://lh3.googleusercontent.com/x7wFnRPrxzcUOBVBV2bWx8v9lfE9ZYmfK7HLiwdTUcgDTjF0a6gs93hLov6k6OubP74O6Gt4D4aO0TfsFmA_Pq4B=s128,/asset/0xb47e3cd837ddf8e4c57f05d70ab865de6e193bbb/2006,CryptoPunk #2006,CryptoPunks,/collection/cryptopunks,about 2 hours ago,$380k
50,https://lh3.googleusercontent.com/UMNsOsv8reeTLReWfyAlqmJcWIWngaSBQvUCh0C_VntEhoClgszCo7xs-sd9wunz2xKhtcTkGaeAcEe_9KA8PhmXTOdVJQrtitImig=s128,/asset/0xb47e3cd837ddf8e4c57f05d70ab865de6e193bbb/5547,CryptoPunk #5547,CryptoPunks,/collection/cryptopunks,6 days ago,$379k
